Kode,Nama Perusahaan,Tipe,Currency
AKPI,Argha Karya Prima Industry Tbk,Basic Materials,IDR
ALDO,Alkindo Naratama Tbk.,Basic Materials,IDR
ALKA,Alakasa Industrindo Tbk,Basic Materials,IDR
ANTM,Aneka Tambang Tbk.,Basic Materials,IDR
APLI,Asiaplast Industries Tbk.,Basic Materials,IDR
BAJA,Saranacentral Bajatama Tbk.,Basic Materials,IDR
BMSR,Bintang Mitra Semestaraya Tbk,Basic Materials,IDR
AGII,Aneka Gas Industri Tbk.,Basic Materials,IDR
BRNA,Berlina Tbk.,Basic Materials,IDR
CITA,Cita Mineral Investindo Tbk.,Basic Materials,IDR
CLPI,Colorpak Indonesia Tbk.,Basic Materials,IDR
DKFT,Central Omega Resources Tbk.,Basic Materials,IDR
DPNS,Duta Pertiwi Nusantara Tbk.,Basic Materials,IDR
EKAD,Ekadharma International Tbk.,Basic Materials,IDR
FASW,Fajar Surya Wisesa Tbk.,Basic Materials,IDR
GDST,Gunawan Dianjaya Steel Tbk.,Basic Materials,IDR
IGAR,Champion Pacific Indonesia Tbk,Basic Materials,IDR
INTD,Inter Delta Tbk,Basic Materials,IDR
INTP,Indocement Tunggal Prakarsa Tb,Basic Materials,IDR
ISSP,Steel Pipe Industry of Indones,Basic Materials,IDR
JKSW,Jakarta Kyoei Steel Works Tbk.,Basic Materials,IDR
KDSI,Kedawung Setia Industrial Tbk.,Basic Materials,IDR
LMSH,Lionmesh Prima Tbk.,Basic Materials,IDR
LTLS,Lautan Luas Tbk.,Basic Materials,IDR
PICO,Pelangi Indah Canindo Tbk,Basic Materials,IDR
SIMA,Siwani Makmur Tbk,Basic Materials,IDR
SMBR,Semen Baturaja (Persero) Tbk.,Basic Materials,IDR
SMCB,Solusi Bangun Indonesia Tbk.,Basic Materials,IDR
SMGR,Semen Indonesia (Persero) Tbk.,Basic Materials,IDR
SPMA,Suparma Tbk.,Basic Materials,IDR
SQMI,Wilton Makmur Indonesia Tbk.,Basic Materials,IDR
SRSN,Indo Acidatama Tbk,Basic Materials,IDR
TALF,Tunas Alfin Tbk.,Basic Materials,IDR
TRST,Trias Sentosa Tbk.,Basic Materials,IDR
INCF,Indo Komoditi Korpora Tbk.,Basic Materials,IDR
WSBP,Waskita Beton Precast Tbk.,Basic Materials,IDR
KMTR,Kirana Megatara Tbk.,Basic Materials,IDR
MDKI,Emdeki Utama Tbk.,Basic Materials,IDR
ZINC,Kapuas Prima Coal Tbk.,Basic Materials,IDR
PBID,Panca Budi Idaman Tbk.,Basic Materials,IDR
SWAT,Sriwahana Adityakarta Tbk.,Basic Materials,IDR
MOLI,Madusari Murni Indah Tbk.,Basic Materials,IDR
HKMU,HK Metals Utama Tbk.,Basic Materials,IDR
KAYU,Darmi Bersaudara Tbk.,Basic Materials,IDR
SMKL,Satyamitra Kemas Lestari Tbk.,Basic Materials,IDR
OPMS,Optima Prima Metal Sinergi Tbk,Basic Materials,IDR
PURE,Trinitan Metals and Minerals T,Basic Materials,IDR
ESIP,Sinergi Inti Plastindo Tbk.,Basic Materials,IDR
IFSH,Ifishdeco Tbk.,Basic Materials,IDR
IFII,Indonesia Fibreboard Industry ,Basic Materials,IDR
AYLS,Agro Yasa Lestari Tbk.,Basic Materials,IDR
SAMF,Saraswanti Anugerah Makmur Tbk,Basic Materials,IDR
EPAC,Megalestari Epack Sentosaraya ,Basic Materials,IDR
PNGO,Pinago Utama Tbk.,Basic Materials,IDR
BEBS,Berkah Beton Sadaya Tbk.,Basic Materials,IDR
NPGF,Nusa Palapa Gemilang Tbk.,Basic Materials,IDR
NICL,PAM Mineral Tbk.,Basic Materials,IDR
TINS,Timah Tbk.,Basic Materials,IDR
TIRT,Tirta Mahakam Resources Tbk,Basic Materials,IDR
BTON,Betonjaya Manunggal Tbk.,Basic Materials,IDR
SBMA,Surya Biru Murni Acetylene Tbk,Basic Materials,IDR
CMNT,Cemindo Gemilang Tbk.,Basic Materials,IDR
WTON,Wijaya Karya Beton Tbk.,Basic Materials,IDR
YPAS,Yanaprima Hastapersada Tbk,Basic Materials,IDR
INAI,Indal Aluminium Industry Tbk.,Basic Materials,IDR
INCI,Intanwijaya Internasional Tbk,Basic Materials,IDR
AVIA,Avia Avian Tbk.,Basic Materials,IDR
KBRI,Kertas Basuki Rachmat Indonesi,Basic Materials,IDR
CHEM,Chemstar Indonesia Tbk.,Basic Materials,IDR
KKES,Kusuma Kemindo Sentosa Tbk.,Basic Materials,IDR
AKKU,Anugerah Kagum Karya Utama Tbk,Consumer Cyclicals,IDR
ARGO,Argo Pantes Tbk,Consumer Cyclicals,IDR
ARTA,Arthavest Tbk,Consumer Cyclicals,IDR
BATA,Sepatu Bata Tbk.,Consumer Cyclicals,IDR
BAYU,Bayu Buana Tbk,Consumer Cyclicals,IDR
BIMA,Primarindo Asia Infrastructure,Consumer Cyclicals,IDR
BLTZ,Graha Layar Prima Tbk.,Consumer Cyclicals,IDR
BOLT,Garuda Metalindo Tbk.,Consumer Cyclicals,IDR
ABBA,Mahaka Media Tbk.,Consumer Cyclicals,IDR
ACES,Ace Hardware Indonesia Tbk.,Consumer Cyclicals,IDR
BUVA,Bukit Uluwatu Villa Tbk.,Consumer Cyclicals,IDR
CINT,Chitose Internasional Tbk.,Consumer Cyclicals,IDR
CSAP,Catur Sentosa Adiprana Tbk.,Consumer Cyclicals,IDR
ECII,Electronic City Indonesia Tbk.,Consumer Cyclicals,IDR
ERAA,Erajaya Swasembada Tbk.,Consumer Cyclicals,IDR
FAST,Fast Food Indonesia Tbk.,Consumer Cyclicals,IDR
FORU,Fortune Indonesia Tbk,Consumer Cyclicals,IDR
GEMA,Gema Grahasarana Tbk.,Consumer Cyclicals,IDR
GJTL,Gajah Tunggal Tbk.,Consumer Cyclicals,IDR
GLOB,Globe Kita Terang Tbk.,Consumer Cyclicals,IDR
HOME,Hotel Mandarine Regency Tbk.,Consumer Cyclicals,IDR
HOTL,Saraswati Griya Lestari Tbk.,Consumer Cyclicals,IDR
IIKP,Inti Agri Resources Tbk,Consumer Cyclicals,IDR
IKAI,Intikeramik Alamasri Industri ,Consumer Cyclicals,IDR
IMAS,Indomobil Sukses Internasional,Consumer Cyclicals,IDR
INDS,Indospring Tbk.,Consumer Cyclicals,IDR
JIHD,Jakarta International Hotels &,Consumer Cyclicals,IDR
KICI,Kedaung Indah Can Tbk,Consumer Cyclicals,IDR
KPIG,MNC Land Tbk.,Consumer Cyclicals,IDR
LMPI,Langgeng Makmur Industri Tbk.,Consumer Cyclicals,IDR
LPIN,Multi Prima Sejahtera Tbk,Consumer Cyclicals,IDR
LPPF,Matahari Department Store Tbk.,Consumer Cyclicals,IDR
MAMI,Mas Murni Indonesia Tbk,Consumer Cyclicals,IDR
MAPI,Mitra Adiperkasa Tbk.,Consumer Cyclicals,IDR
MDIA,Intermedia Capital Tbk.,Consumer Cyclicals,IDR
MICE,Multi Indocitra Tbk.,Consumer Cyclicals,IDR
MNCN,Media Nusantara Citra Tbk.,Consumer Cyclicals,IDR
MPMX,Mitra Pinasthika Mustika Tbk.,Consumer Cyclicals,IDR
MSKY,MNC Sky Vision Tbk.,Consumer Cyclicals,IDR
MYTX,Asia Pacific Investama Tbk.,Consumer Cyclicals,IDR
PANR,Panorama Sentrawisata Tbk.,Consumer Cyclicals,IDR
PDES,Destinasi Tirta Nusantara Tbk,Consumer Cyclicals,IDR
PGLI,Pembangunan Graha Lestari Inda,Consumer Cyclicals,IDR
PJAA,Pembangunan Jaya Ancol Tbk.,Consumer Cyclicals,IDR
PNSE,Pudjiadi & Sons Tbk.,Consumer Cyclicals,IDR
PRAS,Prima Alloy Steel Universal Tb,Consumer Cyclicals,IDR
PSKT,Red Planet Indonesia Tbk.,Consumer Cyclicals,IDR
PTSP,Pioneerindo Gourmet Internatio,Consumer Cyclicals,IDR
RALS,Ramayana Lestari Sentosa Tbk.,Consumer Cyclicals,IDR
RICY,Ricky Putra Globalindo Tbk,Consumer Cyclicals,IDR
SCMA,Surya Citra Media Tbk.,Consumer Cyclicals,IDR
SHID,Hotel Sahid Jaya International,Consumer Cyclicals,IDR
SMSM,Selamat Sempurna Tbk.,Consumer Cyclicals,IDR
SONA,Sona Topas Tourism Industry Tb,Consumer Cyclicals,IDR
SSTM,Sunson Textile Manufacture Tbk,Consumer Cyclicals,IDR
TMPO,Tempo Intimedia Tbk.,Consumer Cyclicals,IDR
TRIS,Trisula International Tbk.,Consumer Cyclicals,IDR
TURI,Tunas Ridean Tbk.,Consumer Cyclicals,IDR
UNIT,Nusantara Inti Corpora Tbk,Consumer Cyclicals,IDR
VIVA,Visi Media Asia Tbk.,Consumer Cyclicals,IDR
JGLE,Graha Andrasentra Propertindo ,Consumer Cyclicals,IDR
BOGA,Bintang Oto Global Tbk.,Consumer Cyclicals,IDR
MAPB,MAP Boga Adiperkasa Tbk.,Consumer Cyclicals,IDR
WOOD,Integra Indocabinet Tbk.,Consumer Cyclicals,IDR
HRTA,Hartadinata Abadi Tbk.,Consumer Cyclicals,IDR
MABA,Marga Abhinaya Abadi Tbk.,Consumer Cyclicals,IDR
NASA,Andalan Perkasa Abadi Tbk.,Consumer Cyclicals,IDR
BELL,Trisula Textile Industries Tbk,Consumer Cyclicals,IDR
DFAM,Dafam Property Indonesia Tbk.,Consumer Cyclicals,IDR
PZZA,Sarimelati Kencana Tbk.,Consumer Cyclicals,IDR
MSIN,MNC Digital Entertainment Tbk.,Consumer Cyclicals,IDR
MAPA,Map Aktif Adiperkasa Tbk.,Consumer Cyclicals,IDR
NUSA,Sinergi Megah Internusa Tbk.,Consumer Cyclicals,IDR
FILM,MD Pictures Tbk.,Consumer Cyclicals,IDR
DIGI,Arkadia Digital Media Tbk.,Consumer Cyclicals,IDR
DUCK,Jaya Bersama Indo Tbk.,Consumer Cyclicals,IDR
YELO,Yelooo Integra Datanet Tbk.,Consumer Cyclicals,IDR
SOTS,Satria Mega Kencana Tbk.,Consumer Cyclicals,IDR
ZONE,Mega Perintis Tbk.,Consumer Cyclicals,IDR
CLAY,Citra Putra Realty Tbk.,Consumer Cyclicals,IDR
NATO,Surya Permata Andalan Tbk.,Consumer Cyclicals,IDR
HRME,Menteng Heritage Realty Tbk.,Consumer Cyclicals,IDR
FITT,Hotel Fitra International Tbk.,Consumer Cyclicals,IDR
BOLA,Bali Bintang Sejahtera Tbk.,Consumer Cyclicals,IDR
POLU,Golden Flower Tbk.,Consumer Cyclicals,IDR
IPTV,MNC Vision Networks Tbk.,Consumer Cyclicals,IDR
EAST,Eastparc Hotel Tbk.,Consumer Cyclicals,IDR
INOV,Inocycle Technology Group Tbk.,Consumer Cyclicals,IDR
SLIS,Gaya Abadi Sempurna Tbk.,Consumer Cyclicals,IDR
PMJS,Putra Mandiri Jembar Tbk.,Consumer Cyclicals,IDR
ESTA,Esta Multi Usaha Tbk.,Consumer Cyclicals,IDR
SBAT,Sejahtera Bintang Abadi Textil,Consumer Cyclicals,IDR
CBMF,Cahaya Bintang Medan Tbk.,Consumer Cyclicals,IDR
CSMI,Cipta Selera Murni Tbk.,Consumer Cyclicals,IDR
UANG,Pakuan Tbk.,Consumer Cyclicals,IDR
SOFA,Boston Furniture Industries Tb,Consumer Cyclicals,IDR
TOYS,Sunindo Adipersada Tbk.,Consumer Cyclicals,IDR
SCNP,Selaras Citra Nusantara Perkas,Consumer Cyclicals,IDR
PLAN,Planet Properindo Jaya Tbk.,Consumer Cyclicals,IDR
UFOE,Damai Sejahtera Abadi Tbk.,Consumer Cyclicals,IDR
SNLK,Sunter Lakeside Hotel Tbk.,Consumer Cyclicals,IDR
LFLO,Imago Mulia Persada Tbk.,Consumer Cyclicals,IDR
MGLV,Panca Anugrah Wisesa Tbk.,Consumer Cyclicals,IDR
TELE,Omni Inovasi Indonesia Tbk.,Consumer Cyclicals,IDR
IDEA,Idea Indonesia Akademi Tbk.,Consumer Cyclicals,IDR
DEPO,Caturkarda Depo Bangunan Tbk.,Consumer Cyclicals,IDR
CARS,Industri dan Perdagangan Bintr,Consumer Cyclicals,IDR
MINA,Sanurhasta Mitra Tbk.,Consumer Cyclicals,IDR
DRMA,Dharma Polimetal Tbk.,Consumer Cyclicals,IDR
ASLC,Autopedia Sukses Lestari Tbk.,Consumer Cyclicals,IDR
NETV,Net Visi Media Tbk.,Consumer Cyclicals,IDR
ENAK,Champ Resto Indonesia Tbk.,Consumer Cyclicals,IDR
BIKE,Sepeda Bersama Indonesia Tbk.,Consumer Cyclicals,IDR
JSPT,Jakarta Setiabudi Internasiona,Consumer Cyclicals,IDR
OLIV,Oscar Mitra Sukses Sejahtera T,Consumer Cyclicals,IDR
AUTO,Astra Otoparts Tbk.,Consumer Cyclicals,IDR
MARI,Mahaka Radio Integra Tbk.,Consumer Cyclicals,IDR
MKNT,Mitra Komunikasi Nusantara Tbk,Consumer Cyclicals,IDR
RAFI,Sari Kreasi Boga Tbk.,Consumer Cyclicals,IDR
KLIN,Klinko Karya Imaji Tbk.,Consumer Cyclicals,IDR
TOOL,Rohartindo Nusantara Luas Tbk.,Consumer Cyclicals,IDR
AISA,FKS Food Sejahtera Tbk.,Consumer Non-Cyclicals,IDR
ALTO,Tri Banyan Tirta Tbk.,Consumer Non-Cyclicals,IDR
AMRT,Sumber Alfaria Trijaya Tbk.,Consumer Non-Cyclicals,IDR
BISI,BISI International Tbk.,Consumer Non-Cyclicals,IDR
AALI,Astra Agro Lestari Tbk.,Consumer Non-Cyclicals,IDR
ADES,Akasha Wira International Tbk.,Consumer Non-Cyclicals,IDR
BWPT,Eagle High Plantations Tbk.,Consumer Non-Cyclicals,IDR
CEKA,Wilmar Cahaya Indonesia Tbk.,Consumer Non-Cyclicals,IDR
CPIN,Charoen Pokphand Indonesia Tbk,Consumer Non-Cyclicals,IDR
CPRO,Central Proteina Prima Tbk.,Consumer Non-Cyclicals,IDR
DLTA,Delta Djakarta Tbk.,Consumer Non-Cyclicals,IDR
DSFI,Dharma Samudera Fishing Indust,Consumer Non-Cyclicals,IDR
DSNG,Dharma Satya Nusantara Tbk.,Consumer Non-Cyclicals,IDR
EPMT,Enseval Putera Megatrading Tbk,Consumer Non-Cyclicals,IDR
GGRM,Gudang Garam Tbk.,Consumer Non-Cyclicals,IDR
GOLL,Golden Plantation Tbk.,Consumer Non-Cyclicals,IDR
GZCO,Gozco Plantations Tbk.,Consumer Non-Cyclicals,IDR
HERO,Hero Supermarket Tbk.,Consumer Non-Cyclicals,IDR
HMSP,H.M. Sampoerna Tbk.,Consumer Non-Cyclicals,IDR
ICBP,Indofood CBP Sukses Makmur Tbk,Consumer Non-Cyclicals,IDR
JAWA,Jaya Agra Wattie Tbk.,Consumer Non-Cyclicals,IDR
JPFA,Japfa Comfeed Indonesia Tbk.,Consumer Non-Cyclicals,IDR
LSIP,PP London Sumatra Indonesia Tb,Consumer Non-Cyclicals,IDR
MAGP,Multi Agro Gemilang Plantation,Consumer Non-Cyclicals,IDR
MAIN,Malindo Feedmill Tbk.,Consumer Non-Cyclicals,IDR
MBTO,Martina Berto Tbk.,Consumer Non-Cyclicals,IDR
MIDI,Midi Utama Indonesia Tbk.,Consumer Non-Cyclicals,IDR
MLBI,Multi Bintang Indonesia Tbk.,Consumer Non-Cyclicals,IDR
MPPA,Matahari Putra Prima Tbk.,Consumer Non-Cyclicals,IDR
MRAT,Mustika Ratu Tbk.,Consumer Non-Cyclicals,IDR
MYOR,Mayora Indah Tbk.,Consumer Non-Cyclicals,IDR
PALM,Provident Investasi Bersama Tb,Consumer Non-Cyclicals,IDR
PSDN,Prasidha Aneka Niaga Tbk,Consumer Non-Cyclicals,IDR
RANC,Supra Boga Lestari Tbk.,Consumer Non-Cyclicals,IDR
RMBA,Bentoel Internasional Investam,Consumer Non-Cyclicals,IDR
ROTI,Nippon Indosari Corpindo Tbk.,Consumer Non-Cyclicals,IDR
SDPC,Millennium Pharmacon Internati,Consumer Non-Cyclicals,IDR
SGRO,Sampoerna Agro Tbk.,Consumer Non-Cyclicals,IDR
SIMP,Salim Ivomas Pratama Tbk.,Consumer Non-Cyclicals,IDR
SIPD,Sreeya Sewu Indonesia Tbk.,Consumer Non-Cyclicals,IDR
SKBM,Sekar Bumi Tbk.,Consumer Non-Cyclicals,IDR
SKLT,Sekar Laut Tbk.,Consumer Non-Cyclicals,IDR
SMAR,Smart Tbk.,Consumer Non-Cyclicals,IDR
SSMS,Sawit Sumbermas Sarana Tbk.,Consumer Non-Cyclicals,IDR
STTP,Siantar Top Tbk.,Consumer Non-Cyclicals,IDR
TBLA,Tunas Baru Lampung Tbk.,Consumer Non-Cyclicals,IDR
ULTJ,Ultra Jaya Milk Industry & Tra,Consumer Non-Cyclicals,IDR
UNSP,Bakrie Sumatera Plantations Tb,Consumer Non-Cyclicals,IDR
UNVR,Unilever Indonesia Tbk.,Consumer Non-Cyclicals,IDR
WAPO,Wahana Pronatural Tbk.,Consumer Non-Cyclicals,IDR
WICO,Wicaksana Overseas Internation,Consumer Non-Cyclicals,IDR
WIIM,Wismilak Inti Makmur Tbk.,Consumer Non-Cyclicals,IDR
DAYA,Duta Intidaya Tbk.,Consumer Non-Cyclicals,IDR
DPUM,Dua Putra Utama Makmur Tbk.,Consumer Non-Cyclicals,IDR
HOKI,Buyung Poetra Sembada Tbk.,Consumer Non-Cyclicals,IDR
MGRO,Mahkota Group Tbk.,Consumer Non-Cyclicals,IDR
ANDI,Andira Agro Tbk.,Consumer Non-Cyclicals,IDR
PANI,Pratama Abadi Nusa Industri Tb,Consumer Non-Cyclicals,IDR
KPAS,Cottonindo Ariesta Tbk.,Consumer Non-Cyclicals,IDR
GOOD,Garudafood Putra Putri Jaya Tb,Consumer Non-Cyclicals,IDR
FOOD,Sentra Food Indonesia Tbk.,Consumer Non-Cyclicals,IDR
BEEF,Estika Tata Tiara Tbk.,Consumer Non-Cyclicals,IDR
COCO,Wahana Interfood Nusantara Tbk,Consumer Non-Cyclicals,IDR
ITIC,Indonesian Tobacco Tbk.,Consumer Non-Cyclicals,IDR
KEJU,Mulia Boga Raya Tbk.,Consumer Non-Cyclicals,IDR
PSGO,Palma Serasih Tbk.,Consumer Non-Cyclicals,IDR
AGAR,Asia Sejahtera Mina Tbk.,Consumer Non-Cyclicals,IDR
UCID,Uni-Charm Indonesia Tbk.,Consumer Non-Cyclicals,IDR
CSRA,Cisadane Sawit Raya Tbk.,Consumer Non-Cyclicals,IDR
DMND,Diamond Food Indonesia Tbk.,Consumer Non-Cyclicals,IDR
IKAN,Era Mandiri Cemerlang Tbk.,Consumer Non-Cyclicals,IDR
PGUN,Pradiksi Gunatama Tbk.,Consumer Non-Cyclicals,IDR
KMDS,Kurniamitra Duta Sentosa Tbk.,Consumer Non-Cyclicals,IDR
ENZO,Morenzo Abadi Perkasa Tbk.,Consumer Non-Cyclicals,IDR
VICI,Victoria Care Indonesia Tbk.,Consumer Non-Cyclicals,IDR
FAPA,FAP Agri Tbk.,Consumer Non-Cyclicals,IDR
WMUU,Widodo Makmur Unggas Tbk.,Consumer Non-Cyclicals,IDR
TAPG,Triputra Agro Persada Tbk.,Consumer Non-Cyclicals,IDR
FLMC,Falmaco Nonwoven Industri Tbk.,Consumer Non-Cyclicals,IDR
TCID,Mandom Indonesia Tbk.,Consumer Non-Cyclicals,IDR
TGKA,Tigaraksa Satria Tbk.,Consumer Non-Cyclicals,IDR
BTEK,Bumi Teknokultura Unggul Tbk,Consumer Non-Cyclicals,IDR
BUDI,Budi Starch & Sweetener Tbk.,Consumer Non-Cyclicals,IDR
BOBA,Formosa Ingredient Factory Tbk,Consumer Non-Cyclicals,IDR
CMRY,Cisarua Mountain Dairy Tbk.,Consumer Non-Cyclicals,IDR
CLEO,Sariguna Primatirta Tbk.,Consumer Non-Cyclicals,IDR
INDF,Indofood Sukses Makmur Tbk.,Consumer Non-Cyclicals,IDR
TAYS,Jaya Swarasa Agung Tbk.,Consumer Non-Cyclicals,IDR
WMPP,Widodo Makmur Perkasa Tbk.,Consumer Non-Cyclicals,IDR
IPPE,Indo Pureco Pratama Tbk.,Consumer Non-Cyclicals,IDR
NASI,Wahana Inti Makmur Tbk.,Consumer Non-Cyclicals,IDR
CAMP,Campina Ice Cream Industry Tbk,Consumer Non-Cyclicals,IDR
PCAR,Prima Cakrawala Abadi Tbk.,Consumer Non-Cyclicals,IDR
STAA,Sumber Tani Agung Resources Tb,Consumer Non-Cyclicals,IDR
NANO,Nanotech Indonesia Global Tbk.,Consumer Non-Cyclicals,IDR
TLDN,Teladan Prima Agro Tbk.,Consumer Non-Cyclicals,IDR
IBOS,Indo Boga Sukses Tbk.,Consumer Non-Cyclicals,IDR
ASHA,Cilacap Samudera Fishing Indus,Consumer Non-Cyclicals,IDR
TRGU,Cerestar Indonesia Tbk.,Consumer Non-Cyclicals,IDR
KINO,Kino Indonesia Tbk.,Consumer Non-Cyclicals,IDR
DEWI,Dewi Shri Farmindo Tbk.,Consumer Non-Cyclicals,IDR
GULA,Aman Agrindo Tbk.,Consumer Non-Cyclicals,IDR
JARR,Jhonlin Agro Raya Tbk.,Consumer Non-Cyclicals,IDR
AMMS,Agung Menjangan Mas Tbk.,Consumer Non-Cyclicals,IDR
EURO,Estee Gold Feet Tbk.,Consumer Non-Cyclicals,IDR
BUAH,Segar Kumala Indonesia Tbk.,Consumer Non-Cyclicals,IDR
CRAB,Toba Surimi Industries Tbk.,Consumer Non-Cyclicals,IDR
AIMS,Akbar Indo Makmur Stimec Tbk,Energy,IDR
AKRA,AKR Corporindo Tbk.,Energy,IDR
ARTI,Ratu Prabu Energi Tbk,Energy,IDR
CNKO,Exploitasi Energi Indonesia Tb,Energy,IDR
ELSA,Elnusa Tbk.,Energy,IDR
ETWA,Eterindo Wahanatama Tbk,Energy,IDR
KOPI,Mitra Energi Persada Tbk.,Energy,IDR
MITI,Mitra Investindo Tbk.,Energy,IDR
MTFN,Capitalinc Investment Tbk.,Energy,IDR
PKPK,Perdana Karya Perkasa Tbk,Energy,IDR
PTBA,Bukit Asam Tbk.,Energy,IDR
RUIS,Radiant Utama Interinsco Tbk.,Energy,IDR
SMMT,Golden Eagle Energy Tbk.,Energy,IDR
SMRU,SMR Utama Tbk.,Energy,IDR
TRAM,Trada Alam Minera Tbk.,Energy,IDR
FIRE,Alfa Energi Investama Tbk.,Energy,IDR
DWGL,Dwi Guna Laksana Tbk.,Energy,IDR
JSKY,Sky Energy Indonesia Tbk.,Energy,IDR
INPS,Indah Prakasa Sentosa Tbk.,Energy,IDR
TCPI,Transcoal Pacific Tbk.,Energy,IDR
SURE,Super Energy Tbk.,Energy,IDR
WOWS,Ginting Jaya Energi Tbk.,Energy,IDR
TEBE,Dana Brata Luhur Tbk.,Energy,IDR
BESS,Batulicin Nusantara Maritim Tb,Energy,IDR
SGER,Sumber Global Energy Tbk.,Energy,IDR
UNIQ,Ulima Nitra Tbk.,Energy,IDR
RMKE,RMK Energy Tbk.,Energy,IDR
BSML,Bintang Samudera Mandiri Lines,Energy,IDR
SEMA,Semacom Integrated Tbk.,Energy,IDR
BOSS,Borneo Olah Sarana Sukses Tbk.,Energy,IDR
SICO,Sigma Energy Compressindo Tbk.,Energy,IDR
COAL,Black Diamond Resources Tbk.,Energy,IDR
AMAG,Asuransi Multi Artha Guna Tbk.,Financials,IDR
APIC,Pacific Strategic Financial Tb,Financials,IDR
ARTO,Bank Jago Tbk.,Financials,IDR
ASBI,Asuransi Bintang Tbk.,Financials,IDR
ASDM,Asuransi Dayin Mitra Tbk.,Financials,IDR
ASJT,Asuransi Jasa Tania Tbk.,Financials,IDR
ASMI,Asuransi Maximus Graha Persada,Financials,IDR
BBCA,Bank Central Asia Tbk.,Financials,IDR
BBHI,Allo Bank Indonesia Tbk.,Financials,IDR
BBKP,Bank KB Bukopin Tbk.,Financials,IDR
BBLD,Buana Finance Tbk.,Financials,IDR
BBMD,Bank Mestika Dharma Tbk.,Financials,IDR
BBNI,Bank Negara Indonesia (Persero,Financials,IDR
BBRI,Bank Rakyat Indonesia (Persero,Financials,IDR
BBTN,Bank Tabungan Negara (Persero),Financials,IDR
BBYB,Bank Neo Commerce Tbk.,Financials,IDR
BCAP,MNC Kapital Indonesia Tbk.,Financials,IDR
BCIC,Bank JTrust Indonesia Tbk.,Financials,IDR
BDMN,Bank Danamon Indonesia Tbk.,Financials,IDR
BEKS,Bank Pembangunan Daerah Banten,Financials,IDR
BFIN,BFI Finance  Indonesia Tbk.,Financials,IDR
BGTG,Bank Ganesha Tbk.,Financials,IDR
BINA,Bank Ina Perdana Tbk.,Financials,IDR
BJBR,Bank Pembangunan Daerah Jawa B,Financials,IDR
BJTM,Bank Pembangunan Daerah Jawa T,Financials,IDR
BKSW,Bank QNB Indonesia Tbk.,Financials,IDR
BMAS,Bank Maspion Indonesia Tbk.,Financials,IDR
BMRI,Bank Mandiri (Persero) Tbk.,Financials,IDR
BNBA,Bank Bumi Arta Tbk.,Financials,IDR
BNGA,Bank CIMB Niaga Tbk.,Financials,IDR
BNII,Bank Maybank Indonesia Tbk.,Financials,IDR
BNLI,Bank Permata Tbk.,Financials,IDR
BPFI,Woori Finance Indonesia Tbk.,Financials,IDR
BPII,Batavia Prosperindo Internasio,Financials,IDR
ABDA,Asuransi Bina Dana Arta Tbk.,Financials,IDR
ADMF,Adira Dinamika Multi Finance T,Financials,IDR
AGRO,Bank Raya Indonesia Tbk.,Financials,IDR
AGRS,Bank IBK Indonesia Tbk.,Financials,IDR
AHAP,Asuransi Harta Aman Pratama Tb,Financials,IDR
BSIM,Bank Sinarmas Tbk.,Financials,IDR
BVIC,Bank Victoria International Tb,Financials,IDR
CFIN,Clipan Finance Indonesia Tbk.,Financials,IDR
DEFI,Danasupra Erapacific Tbk.,Financials,IDR
DNAR,Bank Oke Indonesia Tbk.,Financials,IDR
DNET,Indoritel Makmur Internasional,Financials,IDR
GSMF,Equity Development Investment ,Financials,IDR
HDFA,Radana Bhaskara Finance Tbk.,Financials,IDR
IBFN,Intan Baru Prana Tbk.,Financials,IDR
INPC,Bank Artha Graha Internasional,Financials,IDR
LPGI,Lippo General Insurance Tbk.,Financials,IDR
LPPS,Lenox Pasifik Investama Tbk.,Financials,IDR
MAYA,Bank Mayapada Internasional Tb,Financials,IDR
MCOR,Bank China Construction Bank I,Financials,IDR
MEGA,Bank Mega Tbk.,Financials,IDR
MFIN,Mandala Multifinance Tbk.,Financials,IDR
MGNA,Magna Investama Mandiri Tbk.,Financials,IDR
MREI,Maskapai Reasuransi Indonesia ,Financials,IDR
NISP,Bank OCBC NISP Tbk.,Financials,IDR
NOBU,Bank Nationalnobu Tbk.,Financials,IDR
OCAP,Onix Capital Tbk.,Financials,IDR
PADI,Minna Padi Investama Sekuritas,Financials,IDR
PANS,Panin Sekuritas Tbk.,Financials,IDR
PEGE,Panca Global Kapital Tbk.,Financials,IDR
PNBN,Bank Pan Indonesia Tbk,Financials,IDR
PNBS,Bank Panin Dubai Syariah Tbk.,Financials,IDR
PNIN,Paninvest Tbk.,Financials,IDR
PNLF,Panin Financial Tbk.,Financials,IDR
POOL,Pool Advista Indonesia Tbk.,Financials,IDR
RELI,Reliance Sekuritas Indonesia T,Financials,IDR
SDRA,Bank Woori Saudara Indonesia 1,Financials,IDR
SMMA,Sinarmas Multiartha Tbk.,Financials,IDR
SRTG,Saratoga Investama Sedaya Tbk.,Financials,IDR
STAR,Buana Artha Anugerah Tbk.,Financials,IDR
TRIM,Trimegah Sekuritas Indonesia T,Financials,IDR
TRUS,Trust Finance Indonesia Tbk,Financials,IDR
VICO,Victoria Investama Tbk.,Financials,IDR
VINS,Victoria Insurance Tbk.,Financials,IDR
VRNA,Verena Multi Finance Tbk.,Financials,IDR
CASA,Capital Financial Indonesia Tb,Financials,IDR
BRIS,Bank Syariah Indonesia Tbk.,Financials,IDR
MTWI,Malacca Trust Wuwungan Insuran,Financials,IDR
NICK,Charnic Capital Tbk.,Financials,IDR
BTPS,Bank BTPN Syariah Tbk.,Financials,IDR
TUGU,Asuransi Tugu Pratama Indonesi,Financials,IDR
POLA,Pool Advista Finance Tbk.,Financials,IDR
SFAN,Surya Fajar Capital Tbk.,Financials,IDR
LIFE,Asuransi Jiwa Sinarmas MSIG Tb,Financials,IDR
FUJI,Fuji Finance Indonesia Tbk.,Financials,IDR
AMAR,Bank Amar Indonesia Tbk.,Financials,IDR
AMOR,Ashmore Asset Management Indon,Financials,IDR
BHAT,Bhakti Multi Artha Tbk.,Financials,IDR
BBSI,Krom Bank Indonesia Tbk.,Financials,IDR
BANK,Bank Aladin Syariah Tbk.,Financials,IDR
MASB,Bank Multiarta Sentosa Tbk.,Financials,IDR
TIFA,KDB Tifa Finance Tbk.,Financials,IDR
BSWD,Bank Of India Indonesia Tbk.,Financials,IDR
BTPN,Bank BTPN Tbk.,Financials,IDR
WOMF,Wahana Ottomitra Multiartha Tb,Financials,IDR
YULE,Yulie Sekuritas Indonesia Tbk.,Financials,IDR
IMJS,Indomobil Multi Jasa Tbk.,Financials,IDR
JMAS,Asuransi Jiwa Syariah Jasa Mit,Financials,IDR
ASRM,Asuransi Ramayana Tbk.,Financials,IDR
BABP,Bank MNC Internasional Tbk.,Financials,IDR
BACA,Bank Capital Indonesia Tbk.,Financials,IDR
DVLA,Darya-Varia Laboratoria Tbk.,Healthcare,IDR
KLBF,Kalbe Farma Tbk.,Healthcare,IDR
MERK,Merck Tbk.,Healthcare,IDR
MIKA,Mitra Keluarga Karyasehat Tbk.,Healthcare,IDR
PYFA,Pyridam Farma Tbk,Healthcare,IDR
SAME,Sarana Meditama Metropolitan T,Healthcare,IDR
SIDO,Industri Jamu dan Farmasi Sido,Healthcare,IDR
SILO,Siloam International Hospitals,Healthcare,IDR
SRAJ,Sejahteraraya Anugrahjaya Tbk.,Healthcare,IDR
TSPC,Tempo Scan Pacific Tbk.,Healthcare,IDR
PRDA,Prodia Widyahusada Tbk.,Healthcare,IDR
PRIM,Royal Prima Tbk.,Healthcare,IDR
HEAL,Medikaloka Hermina Tbk.,Healthcare,IDR
PEHA,Phapros Tbk.,Healthcare,IDR
IRRA,Itama Ranoraya Tbk.,Healthcare,IDR
CARE,Metro Healthcare Indonesia Tbk,Healthcare,IDR
SOHO,Soho Global Health Tbk.,Healthcare,IDR
DGNS,Diagnos Laboratorium Utama Tbk,Healthcare,IDR
BMHS,Bundamedik Tbk.,Healthcare,IDR
RSGK,Kedoya Adyaraya Tbk.,Healthcare,IDR
INAF,Indofarma Tbk.,Healthcare,IDR
KAEF,Kimia Farma Tbk.,Healthcare,IDR
MTMH,Murni Sadar Tbk.,Healthcare,IDR
MEDS,Hetzer Medical Indonesia Tbk.,Healthcare,IDR
AMFG,Asahimas Flat Glass Tbk.,Industrials,IDR
AMIN,Ateliers Mecaniques D Indonesi,Industrials,IDR
APII,Arita Prima Indonesia Tbk.,Industrials,IDR
ARNA,Arwana Citramulia Tbk.,Industrials,IDR
ASGR,Astra Graphia Tbk.,Industrials,IDR
ASII,Astra International Tbk.,Industrials,IDR
BHIT,MNC Asia Holding Tbk.,Industrials,IDR
BMTR,Global Mediacom Tbk.,Industrials,IDR
BNBR,Bakrie & Brothers Tbk,Industrials,IDR
CTTH,Citatah Tbk.,Industrials,IDR
DYAN,Dyandra Media International Tb,Industrials,IDR
ICON,Island Concepts Indonesia Tbk.,Industrials,IDR
INDX,Tanah Laut Tbk,Industrials,IDR
INTA,Intraco Penta Tbk.,Industrials,IDR
JECC,Jembo Cable Company Tbk.,Industrials,IDR
KIAS,Keramika Indonesia Assosiasi T,Industrials,IDR
KOIN,Kokoh Inti Arebama Tbk,Industrials,IDR
KONI,Perdana Bangun Pusaka Tbk,Industrials,IDR
KRAH,Grand Kartech Tbk.,Industrials,IDR
LION,Lion Metal Works Tbk.,Industrials,IDR
MDRN,Modern Internasional Tbk.,Industrials,IDR
MFMI,Multifiling Mitra Indonesia Tb,Industrials,IDR
MLIA,Mulia Industrindo Tbk,Industrials,IDR
MLPL,Multipolar Tbk.,Industrials,IDR
SCCO,Supreme Cable Manufacturing & ,Industrials,IDR
TOTO,Surya Toto Indonesia Tbk.,Industrials,IDR
UNTR,United Tractors Tbk.,Industrials,IDR
VOKS,Voksel Electric Tbk.,Industrials,IDR
MARK,Mark Dynamics Indonesia Tbk.,Industrials,IDR
SPTO,Surya Pertiwi Tbk.,Industrials,IDR
KPAL,Steadfast Marine Tbk.,Industrials,IDR
SKRN,Superkrane Mitra Utama Tbk.,Industrials,IDR
CAKK,Cahayaputra Asa Keramik Tbk.,Industrials,IDR
SOSS,Shield On Service Tbk.,Industrials,IDR
CCSI,Communication Cable Systems In,Industrials,IDR
BLUE,Berkah Prima Perkasa Tbk.,Industrials,IDR
ARKA,Arkha Jayanti Persada Tbk.,Industrials,IDR
SINI,Singaraja Putra Tbk.,Industrials,IDR
HOPE,Harapan Duta Pertiwi Tbk.,Industrials,IDR
LABA,Ladangbaja Murni Tbk.,Industrials,IDR
GPSO,Geoprima Solusi Tbk.,Industrials,IDR
TIRA,Tira Austenite Tbk,Industrials,IDR
KUAS,Ace Oldfields Tbk.,Industrials,IDR
BINO,Perma Plasindo Tbk.,Industrials,IDR
ZBRA,Dosni Roha Indonesia Tbk.,Industrials,IDR
IMPC,Impack Pratama Industri Tbk.,Industrials,IDR
NTBK,Nusatama Berkah Tbk.,Industrials,IDR
JTPE,Jasuindo Tiga Perkasa Tbk.,Industrials,IDR
KBLI,KMI Wire & Cable Tbk.,Industrials,IDR
KBLM,Kabelindo Murni Tbk.,Industrials,IDR
BALI,Bali Towerindo Sentra Tbk.,Infrastructures,IDR
ACST,Acset Indonusa Tbk.,Infrastructures,IDR
ADHI,Adhi Karya (Persero) Tbk.,Infrastructures,IDR
BUKK,Bukaka Teknik Utama Tbk.,Infrastructures,IDR
CASS,Cardig Aero Services Tbk.,Infrastructures,IDR
CENT,Centratama Telekomunikasi Indo,Infrastructures,IDR
CMNP,Citra Marga Nusaphala Persada ,Infrastructures,IDR
DGIK,Nusa Konstruksi Enjiniring Tbk,Infrastructures,IDR
EXCL,XL Axiata Tbk.,Infrastructures,IDR
FREN,Smartfren Telecom Tbk.,Infrastructures,IDR
GOLD,Visi Telekomunikasi Infrastruk,Infrastructures,IDR
HADE,Himalaya Energi Perkasa Tbk.,Infrastructures,IDR
IBST,Inti Bangun Sejahtera Tbk.,Infrastructures,IDR
ISAT,Indosat Tbk.,Infrastructures,IDR
JKON,Jaya Konstruksi Manggala Prata,Infrastructures,IDR
LAPD,Leyand International Tbk.,Infrastructures,IDR
LINK,Link Net Tbk.,Infrastructures,IDR
META,Nusantara Infrastructure Tbk.,Infrastructures,IDR
NRCA,Nusa Raya Cipta Tbk.,Infrastructures,IDR
PTPP,PP (Persero) Tbk.,Infrastructures,IDR
SSIA,Surya Semesta Internusa Tbk.,Infrastructures,IDR
SUPR,Solusi Tunas Pratama Tbk.,Infrastructures,IDR
TBIG,Tower Bersama Infrastructure T,Infrastructures,IDR
TLKM,Telkom Indonesia (Persero) Tbk,Infrastructures,IDR
TOTL,Total Bangun Persada Tbk.,Infrastructures,IDR
TOWR,Sarana Menara Nusantara Tbk.,Infrastructures,IDR
IDPR,Indonesia Pondasi Raya Tbk.,Infrastructures,IDR
PBSA,Paramita Bangun Sarana Tbk.,Infrastructures,IDR
TGRA,Terregra Asia Energy Tbk.,Infrastructures,IDR
TOPS,Totalindo Eka Persada Tbk.,Infrastructures,IDR
MPOW,Megapower Makmur Tbk.,Infrastructures,IDR
PPRE,PP Presisi Tbk.,Infrastructures,IDR
WEGE,Wijaya Karya Bangunan Gedung T,Infrastructures,IDR
MORA,Mora Telematika Indonesia Tbk.,Infrastructures,IDR
GHON,Gihon Telekomunikasi Indonesia,Infrastructures,IDR
IPCC,Indonesia Kendaraan Terminal T,Infrastructures,IDR
MTPS,Meta Epsi Tbk.,Infrastructures,IDR
JAST,Jasnita Telekomindo Tbk.,Infrastructures,IDR
PTPW,Pratama Widya Tbk.,Infrastructures,IDR
TAMA,Lancartama Sejati Tbk.,Infrastructures,IDR
RONY,Aesler Grup Internasional Tbk.,Infrastructures,IDR
PTDU,Djasa Ubersakti Tbk.,Infrastructures,IDR
FIMP,Fimperkasa Utama Tbk.,Infrastructures,IDR
BTEL,Bakrie Telecom Tbk.,Infrastructures,IDR
MTEL,Dayamitra Telekomunikasi Tbk.,Infrastructures,IDR
PORT,Nusantara Pelabuhan Handal Tbk,Infrastructures,IDR
WIKA,Wijaya Karya (Persero) Tbk.,Infrastructures,IDR
WSKT,Waskita Karya (Persero) Tbk.,Infrastructures,IDR
IPCM,Jasa Armada Indonesia Tbk.,Infrastructures,IDR
LCKM,LCK Global Kedaton Tbk.,Infrastructures,IDR
SMKM,Sumber Mas Konstruksi Tbk.,Infrastructures,IDR
JSMR,Jasa Marga (Persero) Tbk.,Infrastructures,IDR
KBLV,First Media Tbk.,Infrastructures,IDR
ARKO,Arkora Hydro Tbk.,Infrastructures,IDR
MTRA,Mitra Pemuda Tbk.,Infrastructures,IDR
OASA,Maharaksa Biru Energi Tbk.,Infrastructures,IDR
KRYA,Bangun Karya Perkasa Jaya Tbk.,Infrastructures,IDR
APLN,Agung Podomoro Land Tbk.,Properties & Real Estate,IDR
BAPA,Bekasi Asri Pemula Tbk.,Properties & Real Estate,IDR
BCIP,Bumi Citra Permai Tbk.,Properties & Real Estate,IDR
BEST,Bekasi Fajar Industrial Estate,Properties & Real Estate,IDR
BIKA,Binakarya Jaya Abadi Tbk.,Properties & Real Estate,IDR
BIPP,Bhuwanatala Indah Permai Tbk.,Properties & Real Estate,IDR
BKDP,Bukit Darmo Property Tbk,Properties & Real Estate,IDR
BKSL,Sentul City Tbk.,Properties & Real Estate,IDR
BSDE,Bumi Serpong Damai Tbk.,Properties & Real Estate,IDR
COWL,Cowell Development Tbk.,Properties & Real Estate,IDR
CTRA,Ciputra Development Tbk.,Properties & Real Estate,IDR
DART,Duta Anggada Realty Tbk.,Properties & Real Estate,IDR
DILD,Intiland Development Tbk.,Properties & Real Estate,IDR
DMAS,Puradelta Lestari Tbk.,Properties & Real Estate,IDR
DUTI,Duta Pertiwi Tbk,Properties & Real Estate,IDR
ELTY,Bakrieland Development Tbk.,Properties & Real Estate,IDR
EMDE,Megapolitan Developments Tbk.,Properties & Real Estate,IDR
FMII,Fortune Mate Indonesia Tbk,Properties & Real Estate,IDR
GAMA,Aksara Global Development Tbk.,Properties & Real Estate,IDR
GMTD,Gowa Makassar Tourism Developm,Properties & Real Estate,IDR
GPRA,Perdana Gapuraprima Tbk.,Properties & Real Estate,IDR
GWSA,Greenwood Sejahtera Tbk.,Properties & Real Estate,IDR
INPP,Indonesian Paradise Property T,Properties & Real Estate,IDR
JRPT,Jaya Real Property Tbk.,Properties & Real Estate,IDR
KIJA,Kawasan Industri Jababeka Tbk.,Properties & Real Estate,IDR
LCGP,Eureka Prima Jakarta Tbk.,Properties & Real Estate,IDR
LPCK,Lippo Cikarang Tbk,Properties & Real Estate,IDR
LPKR,Lippo Karawaci Tbk.,Properties & Real Estate,IDR
LPLI,Star Pacific Tbk,Properties & Real Estate,IDR
MDLN,Modernland Realty Tbk.,Properties & Real Estate,IDR
MKPI,Metropolitan Kentjana Tbk.,Properties & Real Estate,IDR
MMLP,Mega Manunggal Property Tbk.,Properties & Real Estate,IDR
MTLA,Metropolitan Land Tbk.,Properties & Real Estate,IDR
MTSM,Metro Realty Tbk.,Properties & Real Estate,IDR
MYRX,Hanson International Tbk.,Properties & Real Estate,IDR
NIRO,City Retail Developments Tbk.,Properties & Real Estate,IDR
OMRE,Indonesia Prima Property Tbk,Properties & Real Estate,IDR
PLIN,Plaza Indonesia Realty Tbk.,Properties & Real Estate,IDR
PPRO,PP Properti Tbk.,Properties & Real Estate,IDR
PUDP,Pudjiadi Prestige Tbk.,Properties & Real Estate,IDR
PWON,Pakuwon Jati Tbk.,Properties & Real Estate,IDR
RBMS,Ristia Bintang Mahkotasejati T,Properties & Real Estate,IDR
RDTX,Roda Vivatex Tbk,Properties & Real Estate,IDR
RIMO,Rimo International Lestari Tbk,Properties & Real Estate,IDR
RODA,Pikko Land Development Tbk.,Properties & Real Estate,IDR
SMDM,Suryamas Dutamakmur Tbk.,Properties & Real Estate,IDR
SMRA,Summarecon Agung Tbk.,Properties & Real Estate,IDR
TARA,Agung Semesta Sejahtera Tbk.,Properties & Real Estate,IDR
CSIS,Cahayasakti Investindo Sukses ,Properties & Real Estate,IDR
ARMY,Armidian Karyatama Tbk.,Properties & Real Estate,IDR
RISE,Jaya Sukses Makmur Sentosa Tbk,Properties & Real Estate,IDR
POLL,Pollux Properties Indonesia Tb,Properties & Real Estate,IDR
LAND,Trimitra Propertindo Tbk.,Properties & Real Estate,IDR
CITY,Natura City Developments Tbk.,Properties & Real Estate,IDR
MPRO,Maha Properti Indonesia Tbk.,Properties & Real Estate,IDR
SATU,Kota Satu Properti Tbk.,Properties & Real Estate,IDR
URBN,Urban Jakarta Propertindo Tbk.,Properties & Real Estate,IDR
POLI,Pollux Hotels Group Tbk.,Properties & Real Estate,IDR
CPRI,Capri Nusa Satu Properti Tbk.,Properties & Real Estate,IDR
POSA,Bliss Properti Indonesia Tbk.,Properties & Real Estate,IDR
PAMG,Bima Sakti Pertiwi Tbk.,Properties & Real Estate,IDR
KOTA,DMS Propertindo Tbk.,Properties & Real Estate,IDR
BAPI,Bhakti Agung Propertindo Tbk.,Properties & Real Estate,IDR
NZIA,Nusantara Almazia Tbk.,Properties & Real Estate,IDR
REAL,Repower Asia Indonesia Tbk.,Properties & Real Estate,IDR
INDO,Royalindo Investa Wijaya Tbk.,Properties & Real Estate,IDR
TRIN,Perintis Triniti Properti Tbk.,Properties & Real Estate,IDR
DADA,Diamond Citra Propertindo Tbk.,Properties & Real Estate,IDR
ASPI,Andalan Sakti Primaindo Tbk.,Properties & Real Estate,IDR
AMAN,Makmur Berkah Amanda Tbk.,Properties & Real Estate,IDR
KBAG,Karya Bersama Anugerah Tbk.,Properties & Real Estate,IDR
BBSS,Bumi Benowo Sukses Sejahtera T,Properties & Real Estate,IDR
PURI,Puri Global Sukses Tbk.,Properties & Real Estate,IDR
HOMI,Grand House Mulia Tbk.,Properties & Real Estate,IDR
ROCK,Rockfields Properti Indonesia ,Properties & Real Estate,IDR
ATAP,Trimitra Prawara Goldland Tbk.,Properties & Real Estate,IDR
ADCP,Adhi Commuter Properti Tbk.,Properties & Real Estate,IDR
TRUE,Triniti Dinamik Tbk.,Properties & Real Estate,IDR
IPAC,Era Graharealty Tbk.,Properties & Real Estate,IDR
FORZ,Forza Land Indonesia Tbk.,Properties & Real Estate,IDR
WINR,Winner Nusantara Jaya Tbk.,Properties & Real Estate,IDR
SWID,Saraswanti Indoland Developmen,Properties & Real Estate,IDR
ASRI,Alam Sutera Realty Tbk.,Properties & Real Estate,IDR
EMTK,Elang Mahkota Teknologi Tbk.,Technology,IDR
KREN,Kresna Graha Investama Tbk.,Technology,IDR
LMAS,Limas Indonesia Makmur Tbk,Technology,IDR
MLPT,Multipolar Technology Tbk.,Technology,IDR
MTDL,Metrodata Electronics Tbk.,Technology,IDR
SKYB,Northcliff Citranusa Indonesia,Technology,IDR
KIOS,Kioson Komersial Indonesia Tbk,Technology,IDR
MCAS,M Cash Integrasi Tbk.,Technology,IDR
NFCX,NFC Indonesia Tbk.,Technology,IDR
DIVA,Distribusi Voucher Nusantara T,Technology,IDR
LUCK,Sentral Mitra Informatika Tbk.,Technology,IDR
ENVY,Envy Technologies Indonesia Tb,Technology,IDR
HDIT,Hensel Davest Indonesia Tbk.,Technology,IDR
TFAS,Telefast Indonesia Tbk.,Technology,IDR
DMMX,Digital Mediatama Maxima Tbk.,Technology,IDR
GLVA,Galva Technologies Tbk.,Technology,IDR
PGJO,Tourindo Guide Indonesia Tbk.,Technology,IDR
CASH,Cashlez Worldwide Indonesia Tb,Technology,IDR
TECH,Indosterling Technomedia Tbk.,Technology,IDR
WIFI,Solusi Sinergi Digital Tbk.,Technology,IDR
DCII,DCI Indonesia Tbk.,Technology,IDR
EDGE,Indointernet Tbk.,Technology,IDR
ZYRX,Zyrexindo Mandiri Buana Tbk.,Technology,IDR
UVCR,Trimegah Karya Pratama Tbk.,Technology,IDR
BUKA,Bukalapak.com Tbk.,Technology,IDR
RUNS,Global Sukses Solusi Tbk.,Technology,IDR
WGSH,Wira Global Solusi Tbk.,Technology,IDR
WIRG,WIR ASIA Tbk.,Technology,IDR
GOTO,GoTo Gojek Tokopedia Tbk.,Technology,IDR
ATIC,Anabatic Technologies Tbk.,Technology,IDR
AXIO,Tera Data Indonusa Tbk.,Technology,IDR
AKSI,Mineral Sumberdaya Mandiri Tbk,Transportation & Logistic,IDR
BIRD,Blue Bird Tbk.,Transportation & Logistic,IDR
CMPP,AirAsia Indonesia Tbk.,Transportation & Logistic,IDR
LRNA,Eka Sari Lorena Transport Tbk.,Transportation & Logistic,IDR
MIRA,Mitra International Resources ,Transportation & Logistic,IDR
NELY,Pelayaran Nelly Dwi Putri Tbk.,Transportation & Logistic,IDR
SAFE,Steady Safe Tbk,Transportation & Logistic,IDR
SDMU,Sidomulyo Selaras Tbk.,Transportation & Logistic,IDR
TAXI,Express Transindo Utama Tbk.,Transportation & Logistic,IDR
TMAS,Temas Tbk.,Transportation & Logistic,IDR
WEHA,WEHA Transportasi Indonesia Tb,Transportation & Logistic,IDR
TRUK,Guna Timur Raya Tbk.,Transportation & Logistic,IDR
TNCA,Trimuda Nuansa Citra Tbk.,Transportation & Logistic,IDR
BPTR,Batavia Prosperindo Trans Tbk.,Transportation & Logistic,IDR
SAPX,Satria Antaran Prima Tbk.,Transportation & Logistic,IDR
DEAL,Dewata Freightinternational Tb,Transportation & Logistic,IDR
JAYA,Armada Berjaya Trans Tbk.,Transportation & Logistic,IDR
KJEN,Krida Jaringan Nusantara Tbk.,Transportation & Logistic,IDR
PURA,Putra Rajawali Kencana Tbk.,Transportation & Logistic,IDR
PPGL,Prima Globalindo Logistik Tbk.,Transportation & Logistic,IDR
TRJA,Transkon Jaya Tbk.,Transportation & Logistic,IDR
HAIS,Hasnur Internasional Shipping ,Transportation & Logistic,IDR
HELI,Jaya Trishindo Tbk.,Transportation & Logistic,IDR
ASSA,Adi Sarana Armada Tbk.,Transportation & Logistic,IDR
HATM,Habco Trans Maritima Tbk.,Transportation & Logistic,IDR
RCCC,Utama Radar Cahaya Tbk.,Transportation & Logistic,IDR
ELPI,Pelayaran Nasional Ekalya Purn,Transportation & Logistic,IDR
